,,,,,,,,,,,,,,,
,,,,,,,,,,,,,,,
,,,,,,,,,,,,,,,
AGS,Name,Verwaltungsebene,Land,2G,4G,5G DSS,5G,2G,4G,5G DSS,5G,2G,4G,5G DSS,5G
0,Bundesrepublik Deutschland,1 - Bund,,"99,96","99,62",13,"83,29",100,"99,9","94,29","98,44",100,"99,83","93,3","42,36"
01,Land Schleswig-Holstein,2 - Land,Land Schleswig-Holstein,"99,93","99,75","3,35","81,22",100,100,"93,75","99,47",100,100,97,"49,55"
02,Freie und Hansestadt Hamburg,2 - Land,Freie und Hansestadt Hamburg,100,100,0,"98,27",100,100,"99,69",100,100,100,"99,92","68,79"
03,Land Niedersachsen,2 - Land,Land Niedersachsen,"99,96","99,77","3,75","81,48",100,"99,96","95,21","99,33",100,"99,91","94,09","49,86"
04,Freie Hansestadt Bremen,2 - Land,Freie Hansestadt Bremen,100,100,0,"92,17",100,"99,99","98,88",100,100,100,"99,82","77,57"
05,Land Nordrhein-Westfalen,2 - Land,Land Nordrhein-Westfalen,"99,88","99,58","47,76","88,79",100,"99,94","98,91","99,66","99,99","99,78","94,48","36,96"
06,Land Hessen,2 - Land,Land Hessen,100,"99,8","6,27","70,38",100,"99,98","97,82","99,15",100,"99,8","91,43","45,33"
07,Land Rheinland-Pfalz,2 - Land,Land Rheinland-Pfalz,"99,99","99,48","6,59","70,64",100,"99,81","94,81","98,46","99,99","99,58","90,19","33,71"
08,Land Baden-Württemberg,2 - Land,Land Baden-Württemberg,100,"99,62","10,69","83,11",100,"99,62","91,43","94,66",100,"99,75","91,27","41,05"
09,Freistaat Bayern,2 - Land,Freistaat Bayern,"99,97","99,71","5,37","90,27",100,"99,98","98,93","99,48",100,"99,96","94,07","41,8"
10,Land Saarland,2 - Land,Land Saarland,"99,99","99,42","6,76","72,46",100,"99,95","94,67","98,93",100,100,"86,91","20,27"
11,Land Berlin,2 - Land,Land Berlin,100,100,0,"98,51",100,100,"99,83",100,100,100,"99,59","88,91"
12,Land Brandenburg,2 - Land,Land Brandenburg,"99,99","99,56",0,"74,06",100,"99,99","85,16","94,92",100,"99,93","93,32","48,24"
13,Land Mecklenburg-Vorpommern,2 - Land,Land Mecklenburg-Vorpommern,"99,95",99,"0,76","71,89",100,"99,95","69,87","96,62",100,"99,8","91,85","58,04"
14,Freistaat Sachsen,2 - Land,Freistaat Sachsen,"99,99","99,83","0,05","92,37",100,100,"88,97","98,08",100,"99,98","95,07","41,7"
15,Land Sachsen-Anhalt,2 - Land,Land Sachsen-Anhalt,100,"99,2","0,2","82,45",100,"99,32","87,68","97,7",100,"99,44","89,54","41,14"
16,Freistaat Thüringen,2 - Land,Freistaat Thüringen,100,"99,55",0,"91,81","99,99","99,82","91,99","98,11",100,"99,62","93,96","25,85"
01001,Kreisfreie Stadt Flensburg,3 - Kreis,Land Schleswig-Holstein,,,,,,,,,,,,
01002,Kreisfreie Stadt Kiel,3 - Kreis,Land Schleswig-Holstein,100,100,0,100,100,100,100,100,100,100,100,"41,72"
01003,Kreisfreie Stadt Lübeck,3 - Kreis,Land Schleswig-Holstein,100,100,0,"99,84",100,100,100,100,100,100,"99,28","79,57"
01004,Kreisfreie Stadt Neumünster,3 - Kreis,Land Schleswig-Holstein,100,100,0,"97,93",100,100,"86,21",100,100,100,100,"3,28"
01051,Kreis Dithmarschen,3 - Kreis,Land Schleswig-Holstein,100,"98,78",0,"84,23",100,100,"74,7","99,01",100,100,"99,72","26,93"
01053,Kreis Herzogtum Lauenburg,3 - Kreis,Land Schleswig-Holstein,100,100,0,"74,8",100,100,"93,65",100,100,100,"88,84","35,84"
01054,Kreis Nordfriesland,3 - Kreis,Land Schleswig-Holstein,,,,,,,,,,,,
01055,Kreis Ostholstein,3 - Kreis,Land Schleswig-Holstein,100,100,0,"89,85",100,100,"97,71",100,100,100,"99,85","59,83"
01056,Kreis Pinneberg,3 - Kreis,Land Schleswig-Holstein,100,100,0,"71,51",100,100,100,100,100,100,"99,45","39,05"
01057,Kreis Plön,3 - Kreis,Land Schleswig-Holstein,100,100,0,100,100,100,"86,22","94,08",100,100,"85,7","50,92"
01058,Kreis Rendsburg-Eckernförde,3 - Kreis,Land Schleswig-Holstein,100,"99,31",0,"60,03",100,100,"94,83","99,84",100,100,"97,24","43,73"
01059,Kreis Schleswig-Flensburg,3 - Kreis,Land Schleswig-Holstein,"99,05","99,05",0,"84,28",100,100,"97,6","99,32",100,100,"97,94","64,2"
01060,Kreis Segeberg,3 - Kreis,Land Schleswig-Holstein,100,100,"17,45","91,02",100,100,"85,12","98,22",100,100,"99,71","48,22"
01061,Kreis Steinburg,3 - Kreis,Land Schleswig-Holstein,100,"99,82",0,"73,32",100,100,"99,43",100,100,100,"98,9","46,08"
01062,Kreis Stormarn,3 - Kreis,Land Schleswig-Holstein,100,100,"6,98","85,51",100,100,"93,18","99,5",100,100,"93,13","54,37"
02000,Kreisfreie Stadt Hamburg,3 - Kreis,Freie und Hansestadt Hamburg,100,100,0,"98,27",100,100,"99,69",100,100,100,"99,92","68,79"
03101,Kreisfreie Stadt Braunschweig,3 - Kreis,Land Niedersachsen,100,100,0,100,100,100,100,100,100,100,100,"81,75"
03102,Kreisfreie Stadt Salzgitter,3 - Kreis,Land Niedersachsen,100,100,0,"99,96",100,100,100,100,100,100,100,"72,95"
03103,Kreisfreie Stadt Wolfsburg,3 - Kreis,Land Niedersachsen,100,100,0,100,100,100,100,100,100,100,100,"47,24"
03151,Landkreis Gifhorn,3 - Kreis,Land Niedersachsen,100,100,0,100,100,100,100,100,100,100,100,"97,48"
03153,Landkreis Goslar,3 - Kreis,Land Niedersachsen,100,100,0,"95,18",100,100,100,100,100,100,"97,2","40,24"
03154,Landkreis Helmstedt,3 - Kreis,Land Niedersachsen,100,"99,62",0,"94,25",100,100,"98,13",100,100,"99,83","97,09","61,73"
03155,Landkreis Northeim,3 - Kreis,Land Niedersachsen,100,100,0,"75,17",100,100,"98,23",100,100,100,"91,13","42,89"
03157,Landkreis Peine,3 - Kreis,Land Niedersachsen,100,100,0,"99,51",100,100,"99,5","99,5",100,100,"99,51","51,99"
03158,Landkreis Wolfenbüttel,3 - Kreis,Land Niedersachsen,100,"99,16",0,"65,95",100,"99,36","90,76","99,48",100,100,"93,88","72,55"
03159,Landkreis Göttingen,3 - Kreis,Land Niedersachsen,100,100,"3,02","65,38",100,"99,92","97,65","99,92",100,"97,75","83,45","8,07"
03241,Landkreis Region Hannover,3 - Kreis,Land Niedersachsen,100,100,0,"98,32",100,100,"99,44","99,88",100,100,"97,22","65,64"
03251,Landkreis Diepholz,3 - Kreis,Land Niedersachsen,100,100,0,"99,57",100,100,100,100,100,100,100,"93,47"
03252,Landkreis Hameln-Pyrmont,3 - Kreis,Land Niedersachsen,,,,,,,,,,,,
03254,Landkreis Hildesheim,3 - Kreis,Land Niedersachsen,100,"99,66",0,"68,87",100,100,"98,18","99,93",100,100,"99,82","35,74"
03255,Landkreis Holzminden,3 - Kreis,Land Niedersachsen,,,,,,,,,,,,
03256,Landkreis Nienburg (Weser),3 - Kreis,Land Niedersachsen,,,,,,,,,,,,
03257,Landkreis Schaumburg,3 - Kreis,Land Niedersachsen,100,100,"1,16","99,9",100,100,"96,3",100,100,100,"90,78","4,55"
03351,Landkreis Celle,3 - Kreis,Land Niedersachsen,,,,,,,,,,,,
03352,Landkreis Cuxhaven,3 - Kreis,Land Niedersachsen,100,"99,85",0,"59,32",100,100,"92,37",100,100,100,"96,31","56,27"
03353,Landkreis Harburg,3 - Kreis,Land Niedersachsen,100,"99,95",0,"81,38",100,"99,94","97,61","99,82",100,100,"90,86","28,58"
03354,Landkreis Lüchow-Dannenberg,3 - Kreis,Land Niedersachsen,,,,,,,,,,,,
03355,Landkreis Lüneburg,3 - Kreis,Land Niedersachsen,100,100,0,"94,85",100,100,"97,97",100,100,100,"94,65","90,29"
03356,Landkreis Osterholz,3 - Kreis,Land Niedersachsen,100,100,0,100,100,100,"86,97","94,26",100,100,"89,23","18,62"
03357,Landkreis Rotenburg (Wümme),3 - Kreis,Land Niedersachsen,100,100,0,"94,28",100,100,"99,8",100,100,100,"76,08","52,75"
03358,Landkreis Heidekreis,3 - Kreis,Land Niedersachsen,100,"99,84",0,"68,66",100,100,"92,37",100,100,100,"84,91","38,6"
03359,Landkreis Stade,3 - Kreis,Land Niedersachsen,100,100,0,"80,98",100,100,"93,31",100,100,100,"99,9","34,21"
03360,Landkreis Uelzen,3 - Kreis,Land Niedersachsen,,,,,,,,,,,,
03361,Landkreis Verden,3 - Kreis,Land Niedersachsen,100,100,0,"93,97",100,100,"98,43",100,100,100,"97,83","79,91"
03401,Kreisfreie Stadt Delmenhorst,3 - Kreis,Land Niedersachsen,100,100,0,100,100,100,100,100,100,100,100,"92,94"
03402,Kreisfreie Stadt Emden,3 - Kreis,Land Niedersachsen,100,100,0,100,100,100,100,100,100,100,100,"95,36"
03403,Kreisfreie Stadt Oldenburg (Oldb),3 - Kreis,Land Niedersachsen,100,100,0,"61,18",100,100,"99,95",100,100,100,"96,91","56,42"
03404,Kreisfreie Stadt Osnabrück,3 - Kreis,Land Niedersachsen,100,100,"2,46","46,09",100,100,"99,5",100,100,100,"97,21","55,41"
03405,Kreisfreie Stadt Wilhelmshaven,3 - Kreis,Land Niedersachsen,100,100,0,"79,82",100,100,"99,7","99,7",100,100,100,"32,26"
03451,Landkreis Ammerland,3 - Kreis,Land Niedersachsen,100,100,0,"76,6",100,100,"68,58","84,55",100,100,"99,47","68,33"
03452,Landkreis Aurich,3 - Kreis,Land Niedersachsen,100,100,0,100,100,100,100,100,100,100,100,"52,44"
03453,Landkreis Cloppenburg,3 - Kreis,Land Niedersachsen,100,100,0,"88,77",100,100,"94,24",100,100,100,100,"61,25"
03454,Landkreis Emsland,3 - Kreis,Land Niedersachsen,100,"99,21","18,38","48,92",100,100,"88,04","99,94",100,100,"87,9","13,39"
03455,Landkreis Friesland,3 - Kreis,Land Niedersachsen,100,100,0,"43,72",100,100,"98,6",100,100,100,"99,93","30,43"
03456,Landkreis Grafschaft Bentheim,3 - Kreis,Land Niedersachsen,"98,45","95,78","56,58","89,65",100,"99,81","97,61",100,100,"99,67","84,48","23,31"
03457,Landkreis Leer,3 - Kreis,Land Niedersachsen,100,100,0,"78,7",100,"99,79","85,31","99,62",100,100,"96,22","85,12"
03458,Landkreis Oldenburg,3 - Kreis,Land Niedersachsen,100,"99,66",0,"87,97",100,100,"92,15","98,59",100,100,"95,44","55,53"
03459,Landkreis Osnabrück,3 - Kreis,Land Niedersachsen,100,100,"25,81","83,99",100,100,"98,19","99,68",100,100,"96,88","33,82"
03460,Landkreis Vechta,3 - Kreis,Land Niedersachsen,100,100,0,"98,73",100,100,"92,44",100,100,100,"93,46","38,7"
03461,Landkreis Wesermarsch,3 - Kreis,Land Niedersachsen,,,,,,,,,,,,
03462,Landkreis Wittmund,3 - Kreis,Land Niedersachsen,,,,,,,,,,,,
04011,Kreisfreie Stadt Bremen,3 - Kreis,Freie Hansestadt Bremen,100,100,0,"99,62",100,"99,99","99,54",100,100,100,"99,8","78,58"
04012,Kreisfreie Stadt Bremerhaven,3 - Kreis,Freie Hansestadt Bremen,100,100,0,"45,73",100,100,"94,75",100,100,100,100,"71,31"
05111,Kreisfreie Stadt Düsseldorf,3 - Kreis,Land Nordrhein-Westfalen,100,100,"18,46","97,37",100,100,100,100,100,100,100,"64,07"
05112,Kreisfreie Stadt Duisburg,3 - Kreis,Land Nordrhein-Westfalen,100,100,"9,25","97,99",100,100,100,100,100,100,"96,88","49,74"
05113,Kreisfreie Stadt Essen,3 - Kreis,Land Nordrhein-Westfalen,100,100,"10,23","99,09",100,100,100,100,100,100,"99,32","46,67"
05114,Kreisfreie Stadt Krefeld,3 - Kreis,Land Nordrhein-Westfalen,100,100,"4,3","65,71",100,100,100,100,100,100,100,"6,27"
05116,Kreisfreie Stadt Mönchengladbach,3 - Kreis,Land Nordrhein-Westfalen,100,100,"42,74","96,98",100,100,100,100,100,100,"99,68","18,21"
05117,Kreisfreie Stadt Mülheim an der Ruhr,3 - Kreis,Land Nordrhein-Westfalen,100,100,"25,33","69,66",100,100,100,100,100,100,"97,16","59,74"
05119,Kreisfreie Stadt Oberhausen,3 - Kreis,Land Nordrhein-Westfalen,100,100,"2,09","73,32",100,100,100,100,100,100,100,"51,92"
05120,Kreisfreie Stadt Remscheid,3 - Kreis,Land Nordrhein-Westfalen,100,100,"87,63",100,100,100,100,100,100,"96,78","80,04","33,38"
05122,Kreisfreie Stadt Solingen,3 - Kreis,Land Nordrhein-Westfalen,100,100,"27,37",100,100,100,100,100,100,100,100,100
05124,Kreisfreie Stadt Wuppertal,3 - Kreis,Land Nordrhein-Westfalen,100,100,"14,73","97,96",100,100,"99,69","99,86",100,100,"93,38","20,99"
05154,Kreis Kleve,3 - Kreis,Land Nordrhein-Westfalen,"96,4","94,33","33,58","79,61",100,100,"96,1","98,92",100,"99,3","90,38","45,75"
05158,Kreis Mettmann,3 - Kreis,Land Nordrhein-Westfalen,100,"99,99","35,03","79,27",100,100,"99,64","99,87",100,100,"94,81","50,16"
05162,Kreis Rhein-Kreis Neuss,3 - Kreis,Land Nordrhein-Westfalen,100,"98,29","91,14","97,25",100,"99,58","98,2","99,15",100,100,"99,93","20,9"
05166,Kreis Viersen,3 - Kreis,Land Nordrhein-Westfalen,"99,09","98,15","78,63","91,44",100,"99,49","98,27","99,27","99,78","98,44","92,91",38
05170,Kreis Wesel,3 - Kreis,Land Nordrhein-Westfalen,100,"99,87","63,83","82,62",100,100,"98,64","99,84",100,100,"92,02","32,77"
05314,Kreisfreie Stadt Bonn,3 - Kreis,Land Nordrhein-Westfalen,100,100,"38,12",100,100,100,100,100,100,100,"91,66","26,59"
05315,Kreisfreie Stadt Köln,3 - Kreis,Land Nordrhein-Westfalen,100,100,"23,94","99,64",100,100,"99,85",100,100,100,"97,69","41,81"
05316,Kreisfreie Stadt Leverkusen,3 - Kreis,Land Nordrhein-Westfalen,100,100,"34,99","86,38",100,100,100,100,100,100,100,"46,75"
05334,Kreis Städteregion Aachen,3 - Kreis,Land Nordrhein-Westfalen,"99,8","99,8","62,53","95,19",100,100,"99,05",100,100,100,"99,19","50,33"
05358,Kreis Düren,3 - Kreis,Land Nordrhein-Westfalen,100,"99,98","89,64","90,75",100,100,"99,92",100,100,100,"99,65","10,42"
05362,Kreis Rhein-Erft-Kreis,3 - Kreis,Land Nordrhein-Westfalen,100,"98,44","78,15","93,9",100,"99,63","97,56","99,39",100,100,"93,33","33,46"
05366,Kreis Euskirchen,3 - Kreis,Land Nordrhein-Westfalen,100,100,"95,7","97,54",100,100,"89,63","99,8",100,"99,67","97,99","42,31"
05370,Kreis Heinsberg,3 - Kreis,Land Nordrhein-Westfalen,100,100,"93,44",100,100,100,100,100,100,100,"96,61","23,27"
05374,Kreis Oberbergischer Kreis,3 - Kreis,Land Nordrhein-Westfalen,100,"99,93","13,41","85,07",100,100,"95,73","98,1",100,"98,46","87,19","30,8"
05378,Kreis Rheinisch-Bergischer Kreis,3 - Kreis,Land Nordrhein-Westfalen,100,100,"46,28","93,96",100,100,"99,52","99,83",100,100,"88,43","18,88"
05382,Kreis Rhein-Sieg-Kreis,3 - Kreis,Land Nordrhein-Westfalen,100,100,"67,94","92,5",100,100,"99,91","99,93",100,100,"98,33","40,67"
05512,Kreisfreie Stadt Bottrop,3 - Kreis,Land Nordrhein-Westfalen,100,100,"36,51","85,45",100,100,100,100,100,100,100,"63,72"
05513,Kreisfreie Stadt Gelsenkirchen,3 - Kreis,Land Nordrhein-Westfalen,100,100,"31,52",100,100,100,100,100,100,100,100,"75,91"
05515,Kreisfreie Stadt Münster,3 - Kreis,Land Nordrhein-Westfalen,100,100,"1,14","95,16",100,100,100,100,100,100,"98,38","58,62"
05554,Kreis Borken,3 - Kreis,Land Nordrhein-Westfalen,100,"99,67","73,05","92,58",100,100,"97,97","99,53",100,"99,86","80,89","34,99"
05558,Kreis Coesfeld,3 - Kreis,Land Nordrhein-Westfalen,100,100,"78,83","84,25",100,100,100,100,100,100,"97,36","11,21"
05562,Kreis Recklinghausen,3 - Kreis,Land Nordrhein-Westfalen,100,"99,98","53,58","90,88",100,100,"99,77",100,100,100,"98,97","51,31"
05566,Kreis Steinfurt,3 - Kreis,Land Nordrhein-Westfalen,100,100,"30,88","67,02",100,100,"99,63","99,95",100,100,"91,84","15,56"
05570,Kreis Warendorf,3 - Kreis,Land Nordrhein-Westfalen,100,100,"93,84","93,84",100,100,100,100,100,"95,12","88,75","66,11"
05711,Kreisfreie Stadt Bielefeld,3 - Kreis,Land Nordrhein-Westfalen,100,"98,07","23,55","91,96",100,100,"99,9",100,100,100,"99,99","35,21"
05754,Kreis Gütersloh,3 - Kreis,Land Nordrhein-Westfalen,100,"99,35","69,35","91,18",100,100,"97,86",100,100,100,"88,3","11,65"
05758,Kreis Herford,3 - Kreis,Land Nordrhein-Westfalen,100,100,"1,9","96,37",100,100,100,100,100,100,"98,77","4,69"
05762,Kreis Höxter,3 - Kreis,Land Nordrhein-Westfalen,100,"91,87","22,72","23,68",100,100,"96,04","96,74",100,"97,99","72,57","34,13"
05766,Kreis Lippe,3 - Kreis,Land Nordrhein-Westfalen,100,100,"28,07","94,32",100,100,100,100,100,100,100,"31,76"
05770,Kreis Minden-Lübbecke,3 - Kreis,Land Nordrhein-Westfalen,100,100,0,"99,57",100,100,100,100,100,100,"94,6","72,38"
05774,Kreis Paderborn,3 - Kreis,Land Nordrhein-Westfalen,100,"99,63","40,32","56,98",100,100,"99,7","99,96",100,"99,61","88,52","15,68"
05911,Kreisfreie Stadt Bochum,3 - Kreis,Land Nordrhein-Westfalen,100,100,"1,55","99,21",100,100,100,100,100,100,"99,54","56,61"
05913,Kreisfreie Stadt Dortmund,3 - Kreis,Land Nordrhein-Westfalen,100,100,"29,14","96,76",100,100,100,100,100,100,"97,64","55,52"
05914,Kreisfreie Stadt Hagen,3 - Kreis,Land Nordrhein-Westfalen,100,100,"40,78","95,97",100,100,"98,1",100,100,100,"93,88","12,53"
05915,Kreisfreie Stadt Hamm,3 - Kreis,Land Nordrhein-Westfalen,100,100,"52,93","63,28",100,100,100,100,100,100,"85,9","26,31"
05916,Kreisfreie Stadt Herne,3 - Kreis,Land Nordrhein-Westfalen,100,100,"50,72","99,75",100,100,100,100,100,100,100,"86,06"
05954,Kreis Ennepe-Ruhr-Kreis,3 - Kreis,Land Nordrhein-Westfalen,100,100,"62,05","99,8",100,100,"95,02","95,02",100,100,"87,17","14,32"
05958,Kreis Hochsauerlandkreis,3 - Kreis,Land Nordrhein-Westfalen,100,"99,6","32,4","38,4","99,89","99,48","95,26","97,76",100,"97,12","79,75","22,88"
05962,Kreis Märkischer Kreis,3 - Kreis,Land Nordrhein-Westfalen,100,100,"80,63","93,64",100,100,"99,43",100,100,100,"82,71","28,57"
05966,Kreis Olpe,3 - Kreis,Land Nordrhein-Westfalen,100,100,"61,77","72,37",100,100,"97,52","97,73",100,"99,79","76,74","2,65"
05970,Kreis Siegen-Wittgenstein,3 - Kreis,Land Nordrhein-Westfalen,100,100,"47,43","62,69",100,100,"96,63","98,74",100,"99,69","72,65",0
05974,Kreis Soest,3 - Kreis,Land Nordrhein-Westfalen,100,"99,79","83,88","85,28",100,100,"98,83",100,100,"99,72","97,78","40,21"
05978,Kreis Unna,3 - Kreis,Land Nordrhein-Westfalen,100,100,"82,33","95,2",100,100,"99,86","99,97",100,100,"99,24","55,28"
06411,Kreisfreie Stadt Darmstadt,3 - Kreis,Land Hessen,100,100,"0,03","81,8",100,100,98,98,100,100,100,"67,51"
06412,Kreisfreie Stadt Frankfurt am Main,3 - Kreis,Land Hessen,100,100,"0,96","98,8",100,100,"99,89",100,100,100,100,"99,59"
06413,Kreisfreie Stadt Offenbach am Main,3 - Kreis,Land Hessen,100,100,"73,29","86,7",100,100,100,100,100,100,100,"89,37"
06414,Kreisfreie Stadt Wiesbaden,3 - Kreis,Land Hessen,100,100,0,"97,33",100,100,100,100,100,100,"99,48","68,06"
06431,Landkreis Bergstraße,3 - Kreis,Land Hessen,100,100,"1,78","68,22",100,100,"97,72","98,18",100,100,"96,16","37,88"
06432,Landkreis Darmstadt-Dieburg,3 - Kreis,Land Hessen,100,100,"36,42","74,64",100,100,"90,34","93,87",100,100,"99,04","71,22"
06433,Landkreis Groß-Gerau,3 - Kreis,Land Hessen,100,100,"2,2","89,58",100,"99,96","97,54","98,8",100,100,"98,18","50,55"
06434,Landkreis Hochtaunuskreis,3 - Kreis,Land Hessen,100,100,0,"76,36",100,100,100,100,100,100,"96,89","43,78"
06435,Landkreis Main-Kinzig-Kreis,3 - Kreis,Land Hessen,100,100,0,"85,27",100,100,"99,59","99,67",100,100,"90,33","49,66"
06436,Landkreis Main-Taunus-Kreis,3 - Kreis,Land Hessen,100,100,0,"84,04",100,100,100,100,100,100,"99,16","59,59"
06437,Landkreis Odenwaldkreis,3 - Kreis,Land Hessen,,,,,,,,,,,,
06438,Landkreis Offenbach,3 - Kreis,Land Hessen,100,100,"5,43","53,25",100,"99,85","99,23","99,47",100,100,"94,7","18,83"
06439,Landkreis Rheingau-Taunus-Kreis,3 - Kreis,Land Hessen,100,100,0,"51,53",100,100,100,100,100,100,"80,66","54,59"
06440,Landkreis Wetteraukreis,3 - Kreis,Land Hessen,100,"99,1","11,38","72,9",100,100,"99,56","99,61",100,100,"95,08","14,54"
06531,Landkreis Gießen,3 - Kreis,Land Hessen,100,100,"10,38","42,6",100,100,"99,79","99,89",100,"99,91","86,22","7,01"
06532,Landkreis Lahn-Dill-Kreis,3 - Kreis,Land Hessen,100,100,"0,84","6,58",100,"99,87","97,19","98,6",100,"99,88","81,1","16,14"
06533,Landkreis Limburg-Weilburg,3 - Kreis,Land Hessen,100,100,0,"81,08",100,100,"99,18",100,100,100,"96,4","11,5"
06534,Landkreis Marburg-Biedenkopf,3 - Kreis,Land Hessen,,,,,,,,,,,,
06535,Landkreis Vogelsbergkreis,3 - Kreis,Land Hessen,100,100,"16,78","72,56",100,100,"98,88","99,36",100,100,"80,4","46,95"
06611,Kreisfreie Stadt Kassel,3 - Kreis,Land Hessen,100,100,0,"87,99",100,100,100,100,100,100,100,"30,59"
06631,Landkreis Fulda,3 - Kreis,Land Hessen,100,100,"19,92","80,31",100,100,"98,35","99,3",100,100,"84,92","41,1"
06632,Landkreis Hersfeld-Rotenburg,3 - Kreis,Land Hessen,100,"98,73","1,39","83,52",100,100,"97,12","97,35",100,"98,84",85,"41,71"
06633,Landkreis Kassel,3 - Kreis,Land Hessen,100,"99,56","1,5","50,74",100,100,99,"99,95",100,100,"92,09","50,68"
06634,Landkreis Schwalm-Eder-Kreis,3 - Kreis,Land Hessen,100,100,0,"65,34",100,100,"95,17","99,15",100,100,"89,34","49,71"
06635,Landkreis Waldeck-Frankenberg,3 - Kreis,Land Hessen,100,"95,95","37,55","37,55",100,100,"99,58",100,100,100,"96,19","38,28"
06636,Landkreis Werra-Meißner-Kreis,3 - Kreis,Land Hessen,100,100,0,"39,27",100,100,"76,88","98,84",100,"96,17","68,4","20,62"
07111,Kreisfreie Stadt Koblenz,3 - Kreis,Land Rheinland-Pfalz,100,"99,39",0,"76,39",100,100,100,100,100,100,"99,5","73,39"
07131,Landkreis Ahrweiler,3 - Kreis,Land Rheinland-Pfalz,100,100,"1,08","77,72",100,100,"99,81","99,81",100,100,"69,44","36,78"
07132,Landkreis Altenkirchen (Westerwald),3 - Kreis,Land Rheinland-Pfalz,100,100,0,100,100,100,100,100,100,100,100,"11,33"
07133,Landkreis Bad Kreuznach,3 - Kreis,Land Rheinland-Pfalz,100,"99,6","45,05","60,15",100,100,"94,22","97,81",100,"98,88","54,86","18,51"
07134,Landkreis Birkenfeld,3 - Kreis,Land Rheinland-Pfalz,100,100,0,"98,43",100,100,"97,36",100,100,100,100,"33,49"
07135,Landkreis Cochem-Zell,3 - Kreis,Land Rheinland-Pfalz,100,100,0,"98,36",100,100,"98,65","98,65",100,100,"97,98","12,81"
07137,Landkreis Mayen-Koblenz,3 - Kreis,Land Rheinland-Pfalz,100,100,"6,02","39,61",100,"99,77","97,22","99,73",100,"99,85","89,66","46,87"
07138,Landkreis Neuwied,3 - Kreis,Land Rheinland-Pfalz,100,100,0,"71,73",100,100,"99,22",100,100,100,"99,7","33,65"
07140,Landkreis Rhein-Hunsrück-Kreis,3 - Kreis,Land Rheinland-Pfalz,100,"99,8","5,87","35,64",100,100,"98,77","99,84",100,100,"95,16","32,05"
07141,Landkreis Rhein-Lahn-Kreis,3 - Kreis,Land Rheinland-Pfalz,100,100,0,100,100,100,100,100,100,100,"75,25","16,63"
07143,Landkreis Westerwaldkreis,3 - Kreis,Land Rheinland-Pfalz,100,100,0,"52,45",100,100,"99,64",100,100,100,"87,34","31,95"
07211,Kreisfreie Stadt Trier,3 - Kreis,Land Rheinland-Pfalz,100,"99,51",0,"98,11","99,82","94,83","73,98","85,46","99,01","91,59","87,8","32,53"
07231,Landkreis Bernkastel-Wittlich,3 - Kreis,Land Rheinland-Pfalz,100,"99,64",0,"59,58",100,"99,62","90,36","96,56",100,"99,34","95,92","26,01"
07232,Landkreis Eifelkreis Bitburg-Prüm,3 - Kreis,Land Rheinland-Pfalz,"99,9","94,23","5,88","69,05",100,"98,75","74,84","91,51",100,"99,47",72,"38,12"
07233,Landkreis Vulkaneifel,3 - Kreis,Land Rheinland-Pfalz,100,"98,4",0,"64,66",100,100,"81,53","99,16",100,"95,13","88,47","8,86"
07235,Landkreis Trier-Saarburg,3 - Kreis,Land Rheinland-Pfalz,"99,95","99,87",0,"84,72",100,100,"87,99","95,6",100,"99,99","85,37","41,74"
07311,Kreisfreie Stadt Frankenthal (Pfalz),3 - Kreis,Land Rheinland-Pfalz,100,100,"0,34",100,100,100,100,100,100,100,100,0
07312,Kreisfreie Stadt Kaiserslautern,3 - Kreis,Land Rheinland-Pfalz,100,"99,98",0,"92,82",100,"99,64",98,"98,01",100,100,"98,54","46,64"
07313,Kreisfreie Stadt Landau in der Pfalz,3 - Kreis,Land Rheinland-Pfalz,100,100,"12,61","98,28",100,100,100,100,100,100,"97,62","13,7"
07314,Kreisfreie Stadt Ludwigshafen am Rhein,3 - Kreis,Land Rheinland-Pfalz,100,100,0,"99,23",100,100,100,100,100,100,100,"41,34"
07315,Kreisfreie Stadt Mainz,3 - Kreis,Land Rheinland-Pfalz,100,100,0,"98,47",100,100,100,100,100,100,"98,18","36,25"
07316,Kreisfreie Stadt Neustadt an der Weinstraße,3 - Kreis,Land Rheinland-Pfalz,100,"97,48",0,"95,15",100,100,100,100,100,100,100,"3,64"
07317,Kreisfreie Stadt Pirmasens,3 - Kreis,Land Rheinland-Pfalz,100,100,0,100,100,100,100,100,100,100,100,0
07318,Kreisfreie Stadt Speyer,3 - Kreis,Land Rheinland-Pfalz,100,100,0,0,100,100,100,100,100,100,"97,14","98,44"
07319,Kreisfreie Stadt Worms,3 - Kreis,Land Rheinland-Pfalz,100,100,0,"96,17",100,100,"99,88",100,100,100,"96,99",0
07320,Kreisfreie Stadt Zweibrücken,3 - Kreis,Land Rheinland-Pfalz,100,100,0,"88,49",100,100,100,100,100,"97,47","76,6",0
07331,Landkreis Alzey-Worms,3 - Kreis,Land Rheinland-Pfalz,100,100,0,"88,74",100,100,"99,31",100,100,100,"96,97","49,21"
07332,Landkreis Bad Dürkheim,3 - Kreis,Land Rheinland-Pfalz,100,"99,73",0,"44,64",100,100,"91,13","95,47",100,"99,05","90,08","16,34"
07333,Landkreis Donnersbergkreis,3 - Kreis,Land Rheinland-Pfalz,100,"99,69","64,97","94,06",100,100,"96,99","99,84",100,100,"98,61","23,02"
07334,Landkreis Germersheim,3 - Kreis,Land Rheinland-Pfalz,100,100,"64,38","64,38",100,100,"90,34",100,100,100,"97,76","33,77"
07335,Landkreis Kaiserslautern,3 - Kreis,Land Rheinland-Pfalz,100,"98,93","6,34","38,91",100,100,"94,39","98,42",100,"99,71","84,02","42,71"
07336,Landkreis Kusel,3 - Kreis,Land Rheinland-Pfalz,100,100,"1,75","63,24",100,100,"97,44","99,51",100,100,"46,12","19,42"
07337,Landkreis Südliche Weinstraße,3 - Kreis,Land Rheinland-Pfalz,100,100,"4,85","79,36",100,100,"96,57",100,100,100,"89,64","15,08"
07338,Landkreis Rhein-Pfalz-Kreis,3 - Kreis,Land Rheinland-Pfalz,100,100,0,"68,1",100,100,"98,79",100,100,100,100,"33,91"
07339,Landkreis Mainz-Bingen,3 - Kreis,Land Rheinland-Pfalz,100,100,"19,46","92,18",100,100,"99,82","99,82",100,100,"99,54","51,94"
07340,Landkreis Südwestpfalz,3 - Kreis,Land Rheinland-Pfalz,100,100,"9,64","79,47",100,"99,75","94,35","99,48",100,100,"99,4","18,01"
08111,Stadtkreis Stuttgart,3 - Kreis,Land Baden-Württemberg,100,100,"87,39","96,4",100,100,"99,75",100,100,100,"98,18","60,89"
08115,Landkreis Böblingen,3 - Kreis,Land Baden-Württemberg,100,"99,81","31,83","82,62",100,"99,94","99,6","99,69",100,100,"92,66","30,97"
08116,Landkreis Esslingen,3 - Kreis,Land Baden-Württemberg,100,100,"57,91",100,100,100,100,100,100,100,100,"77,81"
08117,Landkreis Göppingen,3 - Kreis,Land Baden-Württemberg,100,100,0,"89,58",100,100,"91,76","92,68",100,"99,22","73,86","42,68"
08118,Landkreis Ludwigsburg,3 - Kreis,Land Baden-Württemberg,100,100,"48,56","95,21",100,100,100,100,100,100,"98,99","37,94"
08119,Landkreis Rems-Murr-Kreis,3 - Kreis,Land Baden-Württemberg,,,,,,,,,,,,
08121,Stadtkreis Heilbronn,3 - Kreis,Land Baden-Württemberg,100,100,0,100,100,100,100,100,100,100,100,"80,65"
08125,Landkreis Heilbronn,3 - Kreis,Land Baden-Württemberg,100,"99,92","17,2","85,4",100,"99,74","90,98","98,19",100,"99,87","90,6","27,68"
08126,Landkreis Hohenlohekreis,3 - Kreis,Land Baden-Württemberg,100,100,0,"98,22",100,100,"89,58","96,02",100,100,"93,06","63,92"
08127,Landkreis Schwäbisch Hall,3 - Kreis,Land Baden-Württemberg,100,100,0,"91,76",100,"99,22","97,13","99,13",100,"99,8","94,18","22,8"
08128,Landkreis Main-Tauber-Kreis,3 - Kreis,Land Baden-Württemberg,100,100,"9,09","57,52",100,"99,84","34,71","53,84",100,100,"81,86","40,9"
08135,Landkreis Heidenheim,3 - Kreis,Land Baden-Württemberg,100,"99,73",0,"96,27",100,100,"97,78","98,49",100,100,83,"59,38"
08136,Landkreis Ostalbkreis,3 - Kreis,Land Baden-Württemberg,100,100,0,"99,42",100,100,"87,77","96,49",100,"99,55","96,64","61,29"
08211,Stadtkreis Baden-Baden,3 - Kreis,Land Baden-Württemberg,100,100,"3,88",100,100,100,"93,57","96,09",100,100,100,"83,72"
08212,Stadtkreis Karlsruhe,3 - Kreis,Land Baden-Württemberg,100,100,"32,91","99,51",100,100,"96,65","98,41",100,100,"89,34","38,71"
08215,Landkreis Karlsruhe,3 - Kreis,Land Baden-Württemberg,100,"98,96","11,36","54,88",100,100,"96,22","99,76",100,100,"89,91","44,89"
08216,Landkreis Rastatt,3 - Kreis,Land Baden-Württemberg,100,"99,85","13,85","79,82",100,100,"75,01","99,86",100,100,"96,36","19,23"
08221,Stadtkreis Heidelberg,3 - Kreis,Land Baden-Württemberg,100,100,0,"98,43",100,100,100,100,100,100,100,"41,59"
08222,Stadtkreis Mannheim,3 - Kreis,Land Baden-Württemberg,100,100,"2,57","99,09",100,100,100,100,100,100,"95,65","58,1"
08225,Landkreis Neckar-Odenwald-Kreis,3 - Kreis,Land Baden-Württemberg,100,100,0,"80,37",100,100,0,"31,3",100,100,100,"40,13"
08226,Landkreis Rhein-Neckar-Kreis,3 - Kreis,Land Baden-Württemberg,100,"99,92","2,44","75,6",100,100,"99,79","99,89",100,100,"96,14","27,39"
08231,Stadtkreis Pforzheim,3 - Kreis,Land Baden-Württemberg,100,100,0,"79,98",100,100,"97,75","99,11",100,100,"72,61","4,7"
08235,Landkreis Calw,3 - Kreis,Land Baden-Württemberg,,,,,,,,,,,,
08236,Landkreis Enzkreis,3 - Kreis,Land Baden-Württemberg,100,100,"5,35",73,100,100,"98,18","98,7",100,100,"91,7","46,97"
08237,Landkreis Freudenstadt,3 - Kreis,Land Baden-Württemberg,100,100,0,"98,55",100,"99,39","93,37","96,43",100,"97,84","78,1","17,75"
08311,Stadtkreis Freiburg im Breisgau,3 - Kreis,Land Baden-Württemberg,100,100,0,"80,66",100,100,"93,78","94,74",100,100,"96,44","20,94"
08315,Landkreis Breisgau-Hochschwarzwald,3 - Kreis,Land Baden-Württemberg,"99,94","98,54",0,"63,5",100,"95,46","91,69","92,88",100,100,100,"67,9"
08316,Landkreis Emmendingen,3 - Kreis,Land Baden-Württemberg,100,100,0,"54,63",100,100,100,100,100,100,"91,47","49,21"
08317,Landkreis Ortenaukreis,3 - Kreis,Land Baden-Württemberg,100,100,0,"90,12",100,100,"99,63","99,98",100,100,"95,91","34,04"
08325,Landkreis Rottweil,3 - Kreis,Land Baden-Württemberg,100,"99,67",0,"71,36",100,100,"92,15","97,36",100,"95,88","79,6","56,87"
08326,Landkreis Schwarzwald-Baar-Kreis,3 - Kreis,Land Baden-Württemberg,100,100,0,"60,72",100,100,"81,88","88,59",100,100,"87,92","0,57"
08327,Landkreis Tuttlingen,3 - Kreis,Land Baden-Württemberg,100,100,0,"63,86",100,100,"99,98","99,98",100,100,"72,31","52,21"
08335,Landkreis Konstanz,3 - Kreis,Land Baden-Württemberg,100,"99,85",0,"82,78",100,100,"88,25","90,91",100,100,"75,61","21,73"
08336,Landkreis Lörrach,3 - Kreis,Land Baden-Württemberg,"99,97","99,41",0,"72,1",100,"96,98","83,11","85,56",100,99,"95,61","35,38"
08337,Landkreis Waldshut,3 - Kreis,Land Baden-Württemberg,100,"98,02",0,"82,77",100,"93,07","45,78","47,67",100,100,"84,78","24,15"
08415,Landkreis Reutlingen,3 - Kreis,Land Baden-Württemberg,,,,,,,,,,,,
08416,Landkreis Tübingen,3 - Kreis,Land Baden-Württemberg,100,100,"31,5","79,09",100,100,"99,28","99,28",100,100,"67,54",0
08417,Landkreis Zollernalbkreis,3 - Kreis,Land Baden-Württemberg,,,,,,,,,,,,
08421,Stadtkreis Ulm,3 - Kreis,Land Baden-Württemberg,100,100,0,"91,74",100,100,100,100,100,100,100,"71,87"
08425,Landkreis Alb-Donau-Kreis,3 - Kreis,Land Baden-Württemberg,100,"99,98",0,"99,81",100,100,"99,17","99,29",100,100,"99,32","83,93"
08426,Landkreis Biberach,3 - Kreis,Land Baden-Württemberg,100,100,0,"98,29",100,100,100,100,100,100,"99,81","9,6"
08435,Landkreis Bodenseekreis,3 - Kreis,Land Baden-Württemberg,,,,,,,,,,,,
08436,Landkreis Ravensburg,3 - Kreis,Land Baden-Württemberg,100,94,0,"82,14",100,100,"93,79","94,34",100,100,"88,66","54,93"
08437,Landkreis Sigmaringen,3 - Kreis,Land Baden-Württemberg,,,,,,,,,,,,
09161,Kreisfreie Stadt Ingolstadt,3 - Kreis,Freistaat Bayern,100,100,0,100,100,100,100,100,100,100,100,"74,74"
09162,Kreisfreie Stadt München,3 - Kreis,Freistaat Bayern,100,100,"14,49",100,100,100,100,100,100,100,"99,68","73,65"
09163,Kreisfreie Stadt Rosenheim,3 - Kreis,Freistaat Bayern,100,100,0,100,100,100,100,100,100,100,100,0
09171,Landkreis Altötting,3 - Kreis,Freistaat Bayern,100,100,0,100,100,100,100,100,100,100,100,"28,54"
09172,Landkreis Berchtesgadener Land,3 - Kreis,Freistaat Bayern,"99,42","99,42",0,"90,66",100,100,"94,82","97,42",100,100,"99,9","32,55"
09173,Landkreis Bad Tölz-Wolfratshausen,3 - Kreis,Freistaat Bayern,100,"99,62",0,"78,18",100,100,"98,98","99,16",100,100,"98,65","5,02"
09174,Landkreis Dachau,3 - Kreis,Freistaat Bayern,100,100,0,100,100,100,100,100,100,100,"97,89","88,78"
09175,Landkreis Ebersberg,3 - Kreis,Freistaat Bayern,100,100,0,"95,65",100,100,100,100,100,100,"63,24","43,22"
09176,Landkreis Eichstätt,3 - Kreis,Freistaat Bayern,100,100,0,"91,75",100,100,"99,48",100,100,100,"88,35","49,67"
09177,Landkreis Erding,3 - Kreis,Freistaat Bayern,100,"99,85","13,83","92,71",100,100,100,100,100,100,"90,3","34,75"
09178,Landkreis Freising,3 - Kreis,Freistaat Bayern,100,"99,59","20,94","99,72",100,100,"99,87","99,87",100,100,"96,93","52,67"
09179,Landkreis Fürstenfeldbruck,3 - Kreis,Freistaat Bayern,100,100,0,"97,57",100,100,100,100,100,100,"84,24","72,78"
09180,Landkreis Garmisch-Partenkirchen,3 - Kreis,Freistaat Bayern,100,"98,29",0,"98,45",100,100,"96,88","98,3",100,100,"98,67","76,92"
09181,Landkreis Landsberg am Lech,3 - Kreis,Freistaat Bayern,100,100,"25,6","97,58",100,100,"99,76",100,100,100,"67,78","30,36"
09182,Landkreis Miesbach,3 - Kreis,Freistaat Bayern,100,"99,84",0,"70,11",100,100,"99,66","99,66",100,100,"99,57","13,77"
09183,Landkreis Mühldorf a. Inn,3 - Kreis,Freistaat Bayern,100,100,"9,02",100,100,100,100,100,100,100,"94,67","55,24"
09184,Landkreis München,3 - Kreis,Freistaat Bayern,100,100,"12,02","90,63",100,100,100,100,100,100,"97,09","39,79"
09185,Landkreis Neuburg-Schrobenhausen,3 - Kreis,Freistaat Bayern,,,,,,,,,,,,
09186,Landkreis Pfaffenhofen a.d. Ilm,3 - Kreis,Freistaat Bayern,100,100,0,"99,06",100,100,"99,58",100,100,100,"89,65","51,68"
09187,Landkreis Rosenheim,3 - Kreis,Freistaat Bayern,"99,18","98,5",0,"88,66",100,"99,98","98,63","99,89",100,100,"97,22","46,18"
09188,Landkreis Starnberg,3 - Kreis,Freistaat Bayern,100,"99,88",0,"94,93",100,100,"99,73",100,100,100,"76,61","46,74"
09189,Landkreis Traunstein,3 - Kreis,Freistaat Bayern,100,100,0,100,100,100,"92,03","97,63",100,100,"99,65","40,7"
09190,Landkreis Weilheim-Schongau,3 - Kreis,Freistaat Bayern,100,100,0,100,100,100,"98,28",100,100,100,"99,98","7,23"
09261,Kreisfreie Stadt Landshut,3 - Kreis,Freistaat Bayern,100,100,"62,23",100,100,100,100,100,100,100,100,"81,29"
09262,Kreisfreie Stadt Passau,3 - Kreis,Freistaat Bayern,100,100,0,"60,62",100,100,"98,42","98,86",100,100,"99,53",0
09263,Kreisfreie Stadt Straubing,3 - Kreis,Freistaat Bayern,,,,,,,,,,,,
09271,Landkreis Deggendorf,3 - Kreis,Freistaat Bayern,100,"99,95",0,"99,39",100,"99,95","99,65","99,95",100,"99,74","99,02","42,55"
09272,Landkreis Freyung-Grafenau,3 - Kreis,Freistaat Bayern,,,,,,,,,,,,
09273,Landkreis Kelheim,3 - Kreis,Freistaat Bayern,100,100,0,"91,52",100,100,100,100,100,100,"98,21","10,66"
09274,Landkreis Landshut,3 - Kreis,Freistaat Bayern,100,"98,95","16,28","97,56",100,100,"99,2","99,2",100,100,100,"21,86"
09275,Landkreis Passau,3 - Kreis,Freistaat Bayern,"99,86","99,86","12,09","88,21",100,100,"96,36","99,4",100,"99,96","93,38","24,31"
09276,Landkreis Regen,3 - Kreis,Freistaat Bayern,,,,,,,,,,,,
09277,Landkreis Rottal-Inn,3 - Kreis,Freistaat Bayern,100,100,0,100,100,100,100,100,100,100,100,0
09278,Landkreis Straubing-Bogen,3 - Kreis,Freistaat Bayern,100,"99,85",0,"91,88",100,100,100,100,100,100,"94,52","15,32"
09279,Landkreis Dingolfing-Landau,3 - Kreis,Freistaat Bayern,100,100,0,100,100,100,100,100,100,100,"92,54","26,93"
09361,Kreisfreie Stadt Amberg,3 - Kreis,Freistaat Bayern,,,,,,,,,,,,
09362,Kreisfreie Stadt Regensburg,3 - Kreis,Freistaat Bayern,100,100,0,100,100,100,100,100,100,100,100,"75,78"
09363,Kreisfreie Stadt Weiden i.d. OPf.,3 - Kreis,Freistaat Bayern,100,100,"57,46",100,100,100,100,100,100,100,100,"67,02"
09371,Landkreis Amberg-Sulzbach,3 - Kreis,Freistaat Bayern,100,100,0,"98,22",100,100,"99,07","99,77",100,100,"96,18","29,85"
09372,Landkreis Cham,3 - Kreis,Freistaat Bayern,,,,,,,,,,,,
09373,Landkreis Neumarkt i.d. OPf.,3 - Kreis,Freistaat Bayern,100,"98,65",0,"94,74",100,"99,95","99,25","99,25",100,100,"88,52","43,42"
09374,Landkreis Neustadt a.d. Waldnaab,3 - Kreis,Freistaat Bayern,"99,69","99,69",0,"76,21",100,100,100,100,100,100,"88,33","49,47"
09375,Landkreis Regensburg,3 - Kreis,Freistaat Bayern,100,"99,9",0,"88,6",100,100,"99,9","99,9",100,100,100,"36,03"
09376,Landkreis Schwandorf,3 - Kreis,Freistaat Bayern,100,"99,88",0,"74,31",100,100,"95,49","95,49",100,100,"99,84","49,42"
09377,Landkreis Tirschenreuth,3 - Kreis,Freistaat Bayern,100,100,0,"95,3",100,100,100,100,100,100,"94,63","3,32"
09461,Kreisfreie Stadt Bamberg,3 - Kreis,Freistaat Bayern,100,100,0,100,100,100,"97,89",100,100,100,100,"77,35"
09462,Kreisfreie Stadt Bayreuth,3 - Kreis,Freistaat Bayern,100,100,"32,55","99,96",100,100,100,100,100,100,100,72
09463,Kreisfreie Stadt Coburg,3 - Kreis,Freistaat Bayern,100,100,"6,79",100,100,100,100,100,100,100,100,"77,82"
09464,Kreisfreie Stadt Hof,3 - Kreis,Freistaat Bayern,,,,,,,,,,,,
09471,Landkreis Bamberg,3 - Kreis,Freistaat Bayern,100,"99,62","7,46","95,69",100,100,"98,03","99,02",100,100,"99,04","29,88"
09472,Landkreis Bayreuth,3 - Kreis,Freistaat Bayern,100,100,"8,52","97,39",100,100,"99,49","99,98",100,100,"96,45","53,95"
09473,Landkreis Coburg,3 - Kreis,Freistaat Bayern,100,100,"55,73",100,100,100,"99,33",100,100,100,100,"36,46"
09474,Landkreis Forchheim,3 - Kreis,Freistaat Bayern,100,100,"5,85",100,100,100,100,100,100,100,100,"93,58"
09475,Landkreis Hof,3 - Kreis,Freistaat Bayern,100,100,"5,14","97,83",100,100,"99,94","99,94",100,100,"98,44","57,77"
09476,Landkreis Kronach,3 - Kreis,Freistaat Bayern,,,,,,,,,,,,
09477,Landkreis Kulmbach,3 - Kreis,Freistaat Bayern,100,100,"38,16",100,100,100,"98,81","98,81",100,100,100,"51,5"
09478,Landkreis Lichtenfels,3 - Kreis,Freistaat Bayern,100,100,0,"80,98",100,100,100,100,100,100,"92,36","81,76"
09479,Landkreis Wunsiedel i. Fichtelgebirge,3 - Kreis,Freistaat Bayern,100,100,0,"80,55",100,100,"98,04","99,23",100,100,"89,02","40,76"
09561,Kreisfreie Stadt Ansbach,3 - Kreis,Freistaat Bayern,100,100,0,100,100,100,100,100,100,100,"90,68","55,77"
09562,Kreisfreie Stadt Erlangen,3 - Kreis,Freistaat Bayern,100,"99,69","0,24",100,100,100,"99,49",100,100,100,100,"57,61"
09563,Kreisfreie Stadt Fürth,3 - Kreis,Freistaat Bayern,100,100,0,100,100,100,100,100,100,100,100,80
09564,Kreisfreie Stadt Nürnberg,3 - Kreis,Freistaat Bayern,100,100,"7,58","95,27",100,100,100,100,100,100,"95,78","66,17"
09565,Kreisfreie Stadt Schwabach,3 - Kreis,Freistaat Bayern,100,100,0,100,100,100,100,100,100,100,100,"41,5"
09571,Landkreis Ansbach,3 - Kreis,Freistaat Bayern,100,"99,77","0,3","96,45",100,100,"99,41","99,6",100,"99,9","86,15","39,61"
09572,Landkreis Erlangen-Höchstadt,3 - Kreis,Freistaat Bayern,100,100,"4,81","95,16",100,100,"99,83",100,100,100,"96,4","30,08"
09573,Landkreis Fürth,3 - Kreis,Freistaat Bayern,,,,,,,,,,,,
09574,Landkreis Nürnberger Land,3 - Kreis,Freistaat Bayern,100,"99,22","14,63","99,01",100,100,"98,63","99,1",100,100,"94,88","24,17"
09575,Landkreis Neustadt a.d. Aisch-Bad Windsheim,3 - Kreis,Freistaat Bayern,100,100,0,100,100,100,100,100,100,100,"88,13","80,19"
09576,Landkreis Roth,3 - Kreis,Freistaat Bayern,100,100,"0,58",100,100,100,"99,75","99,89",100,100,"94,44","20,38"
09577,Landkreis Weißenburg-Gunzenhausen,3 - Kreis,Freistaat Bayern,,,,,,,,,,,,
09661,Kreisfreie Stadt Aschaffenburg,3 - Kreis,Freistaat Bayern,100,100,0,"6,61",100,100,100,100,100,100,100,"90,61"
09662,Kreisfreie Stadt Schweinfurt,3 - Kreis,Freistaat Bayern,100,100,0,"85,05",100,100,100,100,100,100,100,"8,4"
09663,Kreisfreie Stadt Würzburg,3 - Kreis,Freistaat Bayern,100,100,0,73,100,100,100,100,100,100,"76,83","26,72"
09671,Landkreis Aschaffenburg,3 - Kreis,Freistaat Bayern,100,100,0,"67,14",100,100,"99,94",100,100,100,"81,85","27,92"
09672,Landkreis Bad Kissingen,3 - Kreis,Freistaat Bayern,100,"98,39","4,28","53,2",100,100,"98,87","99,2",100,100,"97,04","33,66"
09673,Landkreis Rhön-Grabfeld,3 - Kreis,Freistaat Bayern,100,100,"0,35","82,21",100,100,"99,65","99,65",100,100,"99,53","68,99"
09674,Landkreis Haßberge,3 - Kreis,Freistaat Bayern,100,"97,43","21,19","81,72",100,100,"97,61",100,100,100,100,"15,48"
09675,Landkreis Kitzingen,3 - Kreis,Freistaat Bayern,100,100,0,"73,33",100,100,"99,66","99,77",100,100,"96,85","9,31"
09676,Landkreis Miltenberg,3 - Kreis,Freistaat Bayern,,,,,,,,,,,,
09677,Landkreis Main-Spessart,3 - Kreis,Freistaat Bayern,100,100,0,"95,09",100,100,100,100,100,100,"94,61","34,34"
09678,Landkreis Schweinfurt,3 - Kreis,Freistaat Bayern,100,"99,7","11,74","92,06",100,100,"99,91",100,100,100,100,"35,6"
09679,Landkreis Würzburg,3 - Kreis,Freistaat Bayern,100,"99,68",0,"43,58",100,100,"93,77","97,55",100,100,"74,24","22,71"
09761,Kreisfreie Stadt Augsburg,3 - Kreis,Freistaat Bayern,100,100,0,100,100,100,100,100,100,100,100,100
09762,Kreisfreie Stadt Kaufbeuren,3 - Kreis,Freistaat Bayern,,,,,,,,,,,,
09763,Kreisfreie Stadt Kempten (Allgäu),3 - Kreis,Freistaat Bayern,100,100,0,100,100,100,100,100,100,100,"98,33","84,61"
09764,Kreisfreie Stadt Memmingen,3 - Kreis,Freistaat Bayern,100,100,0,"99,37",100,100,100,100,100,100,"95,77","64,72"
09771,Landkreis Aichach-Friedberg,3 - Kreis,Freistaat Bayern,100,100,0,100,100,100,"95,08",100,100,100,"85,47","77,16"
09772,Landkreis Augsburg,3 - Kreis,Freistaat Bayern,100,"98,03",0,"98,91",100,100,"98,78",100,100,100,"96,52","65,63"
09773,Landkreis Dillingen a.d. Donau,3 - Kreis,Freistaat Bayern,,,,,,,,,,,,
09774,Landkreis Günzburg,3 - Kreis,Freistaat Bayern,100,"99,72",0,"93,54",100,100,"98,09","98,09",100,100,"87,97","73,45"
09775,Landkreis Neu-Ulm,3 - Kreis,Freistaat Bayern,100,"99,74",0,"80,56",100,"99,89","98,12","98,84",100,"99,69","92,84","41,78"
09776,Landkreis Lindau (Bodensee),3 - Kreis,Freistaat Bayern,100,100,0,"71,27",100,100,"96,37","98,16",100,100,"84,44","9,55"
09777,Landkreis Ostallgäu,3 - Kreis,Freistaat Bayern,100,"99,45",0,"99,28","99,68","98,61","90,87","95,71",100,"99,03","97,89","36,27"
09778,Landkreis Unterallgäu,3 - Kreis,Freistaat Bayern,100,"99,6",0,"94,85",100,100,"99,7","99,7",100,100,"98,9","41,28"
09779,Landkreis Donau-Ries,3 - Kreis,Freistaat Bayern,,,,,,,,,,,,
09780,Landkreis Oberallgäu,3 - Kreis,Freistaat Bayern,100,"99,74",0,"99,48",100,100,"96,98","99,12",100,"98,3","83,52","55,33"
10041,Landkreis Regionalverband Saarbrücken,3 - Kreis,Land Saarland,"99,99","99,8",0,"90,41",100,"99,94","98,7","99,93",100,100,"96,73","45,8"
10042,Landkreis Merzig-Wadern,3 - Kreis,Land Saarland,"99,91","99,91",0,"55,76",100,100,"63,97","91,54",100,100,"78,37","10,51"
10043,Landkreis Neunkirchen,3 - Kreis,Land Saarland,100,100,"21,11","78,91",100,100,"96,79","99,35",100,100,"97,33","7,38"
10044,Landkreis Saarlouis,3 - Kreis,Land Saarland,100,100,0,"75,83",100,100,"98,58",100,100,100,"82,97","7,44"
10045,Landkreis Saarpfalz-Kreis,3 - Kreis,Land Saarland,100,"97,93","29,37","60,2",100,100,"99,55",100,100,100,"81,89","14,49"
10046,Landkreis St. Wendel,3 - Kreis,Land Saarland,100,"98,78",0,"53,65",100,"99,81","95,24","99,05",100,100,"75,96","8,18"
11000,Kreisfreie Stadt Berlin,3 - Kreis,Land Berlin,100,100,0,"98,51",100,100,"99,83",100,100,100,"99,59","88,91"
12051,Kreisfreie Stadt Brandenburg an der Havel,3 - Kreis,Land Brandenburg,100,100,0,"67,08",100,100,100,100,100,100,100,100
12052,Kreisfreie Stadt Cottbus,3 - Kreis,Land Brandenburg,100,100,0,"93,02",100,100,"99,1",100,100,100,100,"90,33"
12053,Kreisfreie Stadt Frankfurt (Oder),3 - Kreis,Land Brandenburg,"99,55","99,55",0,"97,96",100,100,"77,8","93,44",100,100,100,0
12054,Kreisfreie Stadt Potsdam,3 - Kreis,Land Brandenburg,100,100,0,"39,58",100,100,100,100,100,100,100,100
12060,Landkreis Barnim,3 - Kreis,Land Brandenburg,100,100,0,"94,6",100,100,"75,49","81,66",100,"99,61","95,6","63,05"
12061,Landkreis Dahme-Spreewald,3 - Kreis,Land Brandenburg,100,"99,9",0,"77,85",100,100,"88,87","98,67",100,100,"93,74","40,27"
12062,Landkreis Elbe-Elster,3 - Kreis,Land Brandenburg,,,,,,,,,,,,
12063,Landkreis Havelland,3 - Kreis,Land Brandenburg,100,"98,74",0,"29,54",100,100,"93,85",100,100,100,"90,97","90,87"
12064,Landkreis Märkisch-Oderland,3 - Kreis,Land Brandenburg,100,100,0,"94,32",100,"99,59","99,49",100,100,100,"99,57","27,87"
12065,Landkreis Oberhavel,3 - Kreis,Land Brandenburg,100,100,0,"99,3",100,100,"99,16",100,100,100,"82,95","59,1"
12066,Landkreis Oberspreewald-Lausitz,3 - Kreis,Land Brandenburg,100,"98,93",0,"62,29",100,100,"80,65","89,72",100,100,"97,97","47,05"
12067,Landkreis Oder-Spree,3 - Kreis,Land Brandenburg,100,"99,92",0,"75,64",100,100,"66,86","98,23",100,100,"99,16","55,92"
12068,Landkreis Ostprignitz-Ruppin,3 - Kreis,Land Brandenburg,100,"99,04",0,"71,86",100,100,"98,83","99,83",100,"99,7","97,95","48,64"
12069,Landkreis Potsdam-Mittelmark,3 - Kreis,Land Brandenburg,100,"99,94",0,"50,52",100,100,"95,45","99,73",100,100,"87,29","41,01"
12070,Landkreis Prignitz,3 - Kreis,Land Brandenburg,100,100,0,"88,02",100,100,"88,99","96,08",100,100,"93,15","69,46"
12071,Landkreis Spree-Neiße,3 - Kreis,Land Brandenburg,100,"95,34",0,"70,02",100,100,"41,35","69,38",100,100,100,"77,32"
12072,Landkreis Teltow-Fläming,3 - Kreis,Land Brandenburg,100,100,0,"94,93",100,100,100,100,100,100,100,"16,11"
12073,Landkreis Uckermark,3 - Kreis,Land Brandenburg,100,100,0,"84,88",100,100,"57,21","90,8",100,"99,8","85,43","11,8"
13003,Kreisfreie Stadt Rostock,3 - Kreis,Land Mecklenburg-Vorpommern,100,100,0,100,100,100,100,100,100,100,100,"93,02"
13004,Kreisfreie Stadt Schwerin,3 - Kreis,Land Mecklenburg-Vorpommern,100,100,0,"26,94",100,100,"73,06",100,100,100,100,100
13071,Landkreis Mecklenburgische Seenplatte,3 - Kreis,Land Mecklenburg-Vorpommern,100,100,0,"75,94",100,100,"38,36","89,03",100,"99,37","95,12","87,25"
13072,Landkreis Rostock,3 - Kreis,Land Mecklenburg-Vorpommern,100,"98,62",0,82,100,100,"79,59","99,42",100,"99,98","88,58","30,65"
13073,Landkreis Vorpommern-Rügen,3 - Kreis,Land Mecklenburg-Vorpommern,100,100,0,"68,11",100,100,"75,21","99,8",100,100,"99,55","99,35"
13074,Landkreis Nordwestmecklenburg,3 - Kreis,Land Mecklenburg-Vorpommern,100,"99,97","4,62","82,27",100,100,"81,93","99,93",100,"99,72","95,94","69,01"
13075,Landkreis Vorpommern-Greifswald,3 - Kreis,Land Mecklenburg-Vorpommern,"99,55","98,6",0,"89,89",100,100,"50,51","92,27",100,100,"86,69","43,54"
13076,Landkreis Ludwigslust-Parchim,3 - Kreis,Land Mecklenburg-Vorpommern,100,"97,89",0,"44,21",100,"99,79","76,45","97,25",100,"99,8","89,35","48,51"
14511,Kreisfreie Stadt Chemnitz,3 - Kreis,Freistaat Sachsen,100,100,0,"91,85",100,100,"99,82",100,100,100,"99,22","27,07"
14521,Landkreis Erzgebirgskreis,3 - Kreis,Freistaat Sachsen,100,100,0,100,100,100,"99,41",100,100,100,"99,81","94,51"
14522,Landkreis Mittelsachsen,3 - Kreis,Freistaat Sachsen,100,100,0,"92,81",100,100,"97,25",100,100,100,"97,82","29,39"
14523,Landkreis Vogtlandkreis,3 - Kreis,Freistaat Sachsen,100,100,0,"82,82",100,100,"88,13","96,37",100,100,"96,49","1,74"
14524,Landkreis Zwickau,3 - Kreis,Freistaat Sachsen,100,100,0,"92,12",100,100,"87,59","97,76",100,100,"93,9","29,72"
14612,Kreisfreie Stadt Dresden,3 - Kreis,Freistaat Sachsen,100,100,0,"97,18",100,100,"99,63",100,100,100,"97,87","72,71"
14625,Landkreis Bautzen,3 - Kreis,Freistaat Sachsen,100,100,0,"94,95",100,100,"72,59","90,68",100,100,"91,7","31,05"
14626,Landkreis Görlitz,3 - Kreis,Freistaat Sachsen,"99,81","97,01","1,15","96,01",100,100,"59,24","97,41",100,100,"99,15","25,47"
14627,Landkreis Meißen,3 - Kreis,Freistaat Sachsen,100,100,0,"82,25",100,100,"94,83","99,48",100,100,"90,62","17,12"
14628,Landkreis Sächsische Schweiz-Osterzgebirge,3 - Kreis,Freistaat Sachsen,"99,92","99,48",0,"98,66",100,100,"85,91",100,100,"99,93","97,09","42,93"
14713,Kreisfreie Stadt Leipzig,3 - Kreis,Freistaat Sachsen,100,100,0,"99,94",100,100,"97,8",100,100,100,100,100
14729,Landkreis Leipzig,3 - Kreis,Freistaat Sachsen,100,"99,93",0,"91,16",100,100,"83,25","97,74",100,"99,93","89,54","47,56"
14730,Landkreis Nordsachsen,3 - Kreis,Freistaat Sachsen,100,100,0,"92,34",100,100,"97,13",100,100,100,"97,48","82,56"
15001,Kreisfreie Stadt Dessau-Roßlau,3 - Kreis,Land Sachsen-Anhalt,100,100,0,"99,54",100,100,100,100,100,100,100,"11,71"
15002,Kreisfreie Stadt Halle (Saale),3 - Kreis,Land Sachsen-Anhalt,100,100,0,100,100,100,100,100,100,100,100,100
15003,Kreisfreie Stadt Magdeburg,3 - Kreis,Land Sachsen-Anhalt,100,100,0,"92,57",100,100,"89,3",100,100,100,"95,74","63,83"
15081,Landkreis Altmarkkreis Salzwedel,3 - Kreis,Land Sachsen-Anhalt,,,,,,,,,,,,
15082,Landkreis Anhalt-Bitterfeld,3 - Kreis,Land Sachsen-Anhalt,100,100,0,"47,11",100,100,"98,54","99,82",100,100,"97,3","73,95"
15083,Landkreis Börde,3 - Kreis,Land Sachsen-Anhalt,100,"97,68",0,"80,53",100,"99,48","85,7","93,24",100,"97,32","75,13","36,13"
15084,Landkreis Burgenlandkreis,3 - Kreis,Land Sachsen-Anhalt,100,100,0,"96,23",100,"99,84","94,07","99,84",100,100,"99,42","67,66"
15085,Landkreis Harz,3 - Kreis,Land Sachsen-Anhalt,100,100,"2,19",100,100,100,"80,26","99,82",100,100,"92,09","45,92"
15086,Landkreis Jerichower Land,3 - Kreis,Land Sachsen-Anhalt,100,100,0,"68,34",100,100,"96,36","98,94",100,100,"62,67",0
15087,Landkreis Mansfeld-Südharz,3 - Kreis,Land Sachsen-Anhalt,100,100,0,"95,59",100,"98,92","95,04",100,100,"99,84","99,53","18,57"
15088,Landkreis Saalekreis,3 - Kreis,Land Sachsen-Anhalt,100,100,0,"80,68",100,"99,71","77,13","99,44",100,100,"97,91","48,54"
15089,Landkreis Salzlandkreis,3 - Kreis,Land Sachsen-Anhalt,100,100,0,"87,58",100,100,"93,21",100,100,100,"95,97","45,45"
15090,Landkreis Stendal,3 - Kreis,Land Sachsen-Anhalt,100,"61,76",0,0,100,"62,83",0,"11,41",100,"89,05","42,92",0
15091,Landkreis Wittenberg,3 - Kreis,Land Sachsen-Anhalt,100,100,0,"66,87",100,100,"93,9",100,100,100,"71,12",0
16051,Kreisfreie Stadt Erfurt,3 - Kreis,Freistaat Thüringen,100,100,0,100,100,100,"99,8",100,100,100,"95,68","45,17"
16052,Kreisfreie Stadt Gera,3 - Kreis,Freistaat Thüringen,100,100,0,"99,72",100,100,"99,14",100,100,100,100,"93,92"
16053,Kreisfreie Stadt Jena,3 - Kreis,Freistaat Thüringen,100,100,0,100,100,100,"98,67","99,66",100,100,"99,66","98,79"
16054,Kreisfreie Stadt Suhl,3 - Kreis,Freistaat Thüringen,100,"93,29",0,"87,92",100,100,"93,72","97,96",100,"93,12","84,89","8,37"
16055,Kreisfreie Stadt Weimar,3 - Kreis,Freistaat Thüringen,100,100,0,100,100,100,100,100,100,100,100,"49,25"
16061,Landkreis Eichsfeld,3 - Kreis,Freistaat Thüringen,100,"99,17",0,"84,06",100,100,"98,21","99,76",100,100,"97,9","57,89"
16062,Landkreis Nordhausen,3 - Kreis,Freistaat Thüringen,100,"99,36",0,"86,21",100,100,"66,49","98,93",100,100,79,"39,22"
16063,Landkreis Wartburgkreis,3 - Kreis,Freistaat Thüringen,100,100,0,"95,42",100,100,"99,14","99,94",100,100,"91,62","9,4"
16064,Landkreis Unstrut-Hainich-Kreis,3 - Kreis,Freistaat Thüringen,,,,,,,,,,,,
16065,Landkreis Kyffhäuserkreis,3 - Kreis,Freistaat Thüringen,100,"98,46",0,"93,5",100,"99,5","73,9","99,5",100,"99,93","90,09","17,33"
16066,Landkreis Schmalkalden-Meiningen,3 - Kreis,Freistaat Thüringen,100,"99,63",0,"96,03","99,86","98,23","80,23","88,71",100,"97,66","91,05","16,1"
16067,Landkreis Gotha,3 - Kreis,Freistaat Thüringen,100,"99,76",0,"90,62",100,100,"98,73","99,68",100,100,"97,46","15,16"
16068,Landkreis Sömmerda,3 - Kreis,Freistaat Thüringen,100,100,0,"99,68",100,100,"90,66",100,100,100,"99,14","41,86"
16069,Landkreis Hildburghausen,3 - Kreis,Freistaat Thüringen,100,100,0,"97,25",100,"99,66","84,39","96,38",100,100,"97,9","14,46"
16070,Landkreis Ilm-Kreis,3 - Kreis,Freistaat Thüringen,100,100,0,"98,5",100,100,"86,53","94,11",100,100,"96,13","19,21"
16071,Landkreis Weimarer Land,3 - Kreis,Freistaat Thüringen,100,100,0,100,100,100,100,100,100,100,"92,55","32,26"
16072,Landkreis Sonneberg,3 - Kreis,Freistaat Thüringen,,,,,,,,,,,,
16073,Landkreis Saalfeld-Rudolstadt,3 - Kreis,Freistaat Thüringen,,,,,,,,,,,,
16074,Landkreis Saale-Holzland-Kreis,3 - Kreis,Freistaat Thüringen,100,100,0,"76,77",100,"99,85","97,5","99,49",100,100,"92,44","4,87"
16075,Landkreis Saale-Orla-Kreis,3 - Kreis,Freistaat Thüringen,100,100,0,"85,63",100,100,"98,21","98,5",100,100,"97,95","3,6"
16076,Landkreis Greiz,3 - Kreis,Freistaat Thüringen,100,"98,29",0,"85,56",100,100,100,100,100,100,"96,25","34,71"
16077,Landkreis Altenburger Land,3 - Kreis,Freistaat Thüringen,100,100,0,"96,42",100,100,100,100,100,100,100,"11,95"